0,51.509,-0.16101,-0.016001,0.047177,-1.5429
0.5,51.509,-0.16102,0.14091,-0.016535,-2.0136
1,51.509,-0.16102,0.23943,0.011708,-1.9993
1.5,51.509,-0.16102,0.50092,-0.01378,-2.0796
2,51.509,-0.16102,0.7586,0.0060742,-2.1787
2.5,51.509,-0.16102,0.9809,0.011513,-1.2829
3,51.509,-0.16102,1.2423,0.015109,-0.29674
3.5,51.509,-0.16102,1.2427,-0.015735,0.41563
4,51.509,-0.16102,1.2533,-0.0091186,-0.92853
4.5,51.509,-0.16102,1.2449,-0.0029873,-0.61176
5,51.509,-0.16103,1.2357,0.0049331,-0.24943
5.5,51.509,-0.16103,1.2704,-0.023691,0.11846
6,51.509,-0.16103,1.2303,0.03211,-0.60851
6.5,51.509,-0.16103,1.2376,0.024571,0.5664
7,51.509,-0.16103,1.2582,-0.0090812,0.4167
7.5,51.509,-0.16103,1.2609,0.013138,0.92822
8,51.509,-0.16103,1.2354,0.0037583,0.15478
8.5,51.509,-0.16103,1.255,-0.0036754,-0.75752
9,51.509,-0.16103,1.2598,0.015416,-1.2004
9.5,51.509,-0.16103,1.2699,0.036574,1.6633
10,51.509,-0.16103,1.2332,0.040776,2.5417
10.5,51.509,-0.16103,1.2459,0.01731,2.3089
11,51.509,-0.16103,1.2671,0.00097429,2.0361
11.5,51.509,-0.16103,1.261,0.031694,1.2642
12,51.509,-0.16103,1.2556,-0.0074286,0.70577
12.5,51.509,-0.16103,1.2464,-0.016699,0.65836
13,51.509,-0.16103,1.2345,3.6972e-05,-0.22004
13.5,51.509,-0.16103,1.2454,0.0091081,-1.0609
14,51.509,-0.16103,1.2604,0.012453,-1.4738
14.5,51.509,-0.16103,1.2491,-0.039932,-0.7041
15,51.509,-0.16103,1.2475,-0.033323,-1.5261
15.5,51.509,-0.16103,1.2327,-0.014804,-3.2429
16,51.509,-0.16103,1.2151,-0.0061209,-3.5431
16.5,51.509,-0.16103,1.2395,-0.0095444,-2.4569
17,51.509,-0.16103,1.2069,0.00062923,-1.9111
17.5,51.509,-0.16103,1.2392,-0.0029409,-1.9937
18,51.509,-0.16103,1.2486,0.005168,-1.9443
18.5,51.509,-0.16103,1.2342,-0.0094383,-1.3734
19,51.509,-0.16103,1.2359,0.0032097,-1.0638
19.5,51.509,-0.16103,1.2547,0.015124,0.0052302
20,51.509,-0.16103,1.2548,0.013216,0.32306
20.5,51.509,-0.16103,1.236,0.0088011,0.3021
21,51.509,-0.16103,1.2378,0.017405,-0.33868
21.5,51.509,-0.16103,1.2319,0.010184,1.1691
22,51.509,-0.16103,1.2519,-0.024243,0.56609
22.5,51.509,-0.16103,1.2434,-0.01889,-0.51285
23,51.509,-0.16103,1.2577,-0.020804,0.44435
23.5,51.509,-0.16103,1.2054,0.024133,0.75579
24,51.509,-0.16103,1.2396,0.0086511,-0.24526
24.5,51.51,-0.16103,1.2322,-0.0081904,-0.38042
25,51.51,-0.16103,1.2527,-0.0074967,-0.11654
25.5,51.51,-0.16103,1.2546,-0.040201,-0.30279
26,51.51,-0.16103,1.2692,0.0020155,-0.32788
26.5,51.51,-0.16103,1.2474,-0.023465,-1.6592
27,51.51,-0.16103,1.2195,-0.010785,-1.6527
27.5,51.51,-0.16103,1.2349,-0.051531,-0.1006
28,51.51,-0.16103,1.2532,-0.031021,-0.17801
28.5,51.51,-0.16103,1.2399,-0.036076,0.22282
29,51.51,-0.16103,1.2476,-0.045973,-1.0561
29.5,51.51,-0.16103,1.2389,-0.029554,-1.2418
30,51.51,-0.16103,1.252,-0.0073505,-1.7071
30.5,51.51,-0.16103,1.2562,-0.015737,-1.9191
31,51.51,-0.16103,1.2508,-0.012165,-0.75603
31.5,51.51,-0.16103,1.2328,-0.00059682,-0.55753
32,51.51,-0.16103,1.2353,-0.017216,1.0518
32.5,51.51,-0.16103,1.0049,-0.019395,0.10091
33,51.51,-0.16103,0.74552,-0.013882,-1.8304
33.5,51.51,-0.16103,0.51405,-0.023557,-1.5907
34,51.51,-0.16103,0.23325,0.0014196,-0.64789
34.5,51.51,-0.16103,0.2127,0.067664,14.953
35,51.51,-0.16103,0.25457,0.13287,29.762
35.5,51.51,-0.16103,0.17446,0.17832,44.87
36,51.51,-0.16103,0.10494,0.21392,60.589
36.5,51.51,-0.16103,0.059592,0.22834,76.062
37,51.51,-0.16103,0.01201,0.2311,90.244
37.5,51.51,-0.16102,-0.055496,0.23454,104.93
38,51.51,-0.16102,-0.1316,0.23645,118.55
38.5,51.51,-0.16102,-0.15747,0.16679,131.7
39,51.51,-0.16102,-0.22772,0.12854,145.44
39.5,51.51,-0.16102,-0.22279,0.072853,162.43
40,51.51,-0.16102,-0.25398,0.0031693,178.22
40.5,51.51,-0.16102,-0.5138,0.033536,178.63
41,51.51,-0.16102,-0.7604,-0.017992,178.66
41.5,51.51,-0.16102,-1.0181,0.015669,181.45
42,51.51,-0.16102,-1.256,-0.003723,182.41
42.5,51.51,-0.16102,-1.2621,0.016022,180.47
43,51.51,-0.16102,-1.2666,0.022982,179.42
43.5,51.51,-0.16102,-1.2194,-0.0027273,180.46
44,51.51,-0.16102,-1.2405,-0.024006,180.12
44.5,51.51,-0.16102,-1.2339,0.0014109,180.67
45,51.51,-0.16102,-1.2584,0.025267,179.76
45.5,51.51,-0.16102,-1.2562,-0.018533,180.08
46,51.51,-0.16102,-1.2651,0.0053938,180.67
46.5,51.51,-0.16102,-1.2123,-0.039561,180.19
47,51.51,-0.16102,-1.2618,-0.027881,178.97
47.5,51.51,-0.16102,-1.2375,-0.029596,178.29
48,51.51,-0.16102,-1.2552,-0.028927,178.45
48.5,51.51,-0.16102,-1.2727,0.00066446,179.8
49,51.51,-0.16102,-1.2404,-0.030434,180.51
49.5,51.509,-0.16102,-1.257,0.037824,178.43
50,51.509,-0.16102,-1.2786,0.00031323,179.8
50.5,51.509,-0.16102,-1.244,0.014562,178.92
51,51.509,-0.16102,-1.2874,0.0063171,177.85
51.5,51.509,-0.16102,-1.2466,0.0079656,178.81
52,51.509,-0.16102,-1.2362,0.016381,180.49
52.5,51.509,-0.16102,-1.2444,0.0070715,179.72
53,51.509,-0.16102,-1.242,-0.010266,180.72
53.5,51.509,-0.16102,-1.2633,0.0047527,181.99
54,51.509,-0.16102,-1.2674,-0.0091852,182.23
54.5,51.509,-0.16102,-1.2576,-0.0081306,182.24
55,51.509,-0.16102,-1.277,0.0028689,180.38
55.5,51.509,-0.16102,-1.2409,0.028324,179.35
56,51.509,-0.16102,-1.2638,-0.0066692,178.18
56.5,51.509,-0.16102,-1.2468,0.017565,177.83
57,51.509,-0.16102,-1.2383,0.0056666,177.73
57.5,51.509,-0.16102,-1.2585,0.034087,178.53
58,51.509,-0.16102,-1.2587,0.068998,176.25
58.5,51.509,-0.16102,-1.259,0.029991,176.66
59,51.509,-0.16102,-1.2781,0.0092417,178.05
59.5,51.509,-0.16102,-1.2572,0.018996,177.81
60,51.509,-0.16102,-1.2577,0.018328,179.22
60.5,51.509,-0.16102,-1.2602,-0.0085365,179.77
61,51.509,-0.16102,-1.24,-0.027729,178.88
61.5,51.509,-0.16102,-1.2321,-0.037529,180.09
62,51.509,-0.16102,-1.2626,-0.027557,180.42
62.5,51.509,-0.16102,-1.2612,-0.0056592,179.66
63,51.509,-0.16102,-1.2515,-0.03757,181.81
63.5,51.509,-0.16102,-1.2758,-0.0055585,181.63
64,51.509,-0.16102,-1.2472,-0.037152,181.97
64.5,51.509,-0.16102,-1.2333,-0.018751,181.96
65,51.509,-0.16102,-1.2727,0.003457,181
65.5,51.509,-0.16102,-1.2389,0.045072,180.55
66,51.509,-0.16102,-1.2619,0.051866,180.34
66.5,51.509,-0.16102,-1.2715,0.014628,180.52
67,51.509,-0.16102,-1.228,0.0034047,180.44
67.5,51.509,-0.16102,-1.2289,-0.00043934,179.23
68,51.509,-0.16102,-1.2303,0.0048279,179.7
68.5,51.509,-0.16102,-1.2211,-0.0020737,179.8
69,51.509,-0.16102,-1.2614,-0.0036312,178.72
69.5,51.509,-0.16102,-1.2451,3.6213e-05,179.03
70,51.509,-0.16102,-1.2715,0.0077364,179.21
70.5,51.509,-0.16102,-1.2501,0.0058512,179.36
71,51.509,-0.16102,-1.2592,0.0091731,178.31
71.5,51.509,-0.16102,-0.99854,-0.019523,179.42
72,51.509,-0.16102,-0.74578,0.011794,178.77
72.5,51.509,-0.16102,-0.49553,0.011401,177.45
73,51.509,-0.16102,-0.26572,0.007679,177.59
73.5,51.509,-0.16102,-0.19944,0.080491,162.97
74,51.509,-0.16102,-0.21608,0.11954,147.91
74.5,51.509,-0.16102,-0.15458,0.1536,133.87
75,51.509,-0.16101,-0.14236,0.2509,118.91
75.5,51.509,-0.16101,-0.048218,0.25131,103.18
76,51.509,-0.16101,0.021249,0.25279,88.439
76.5,51.509,-0.16101,0.06416,0.23945,74.928
77,51.509,-0.16101,0.13259,0.22985,60.495
77.5,51.509,-0.16101,0.16102,0.18106,45.23
78,51.509,-0.16101,0.21658,0.15692,29.955
78.5,51.509,-0.161,0.22186,0.066728,15.377
79,51.509,-0.161,0.22488,-0.0020445,1.1254
79.5,51.509,-0.161,0.48838,-0.00083645,0.85476
80,51.509,-0.161,0.74268,-0.010392,-0.1103
80.5,51.509,-0.161,1.0048,0.0033453,-0.40904
81,51.509,-0.161,1.2452,-0.038849,-0.34224
81.5,51.509,-0.161,1.2554,-0.026101,-0.11795
82,51.509,-0.16101,1.2644,-0.020332,0.419
82.5,51.509,-0.16101,1.2636,-0.02101,0.364
83,51.509,-0.16101,1.2618,-0.0040198,-1.0354
83.5,51.509,-0.16101,1.2321,0.0038398,-1.1275
84,51.509,-0.16101,1.2699,-0.042631,-0.072975
84.5,51.509,-0.16101,1.2655,-0.029697,-0.10414
85,51.509,-0.16101,1.2597,0.0011649,-0.055824
85.5,51.509,-0.16101,1.2451,0.021797,-0.15253
86,51.509,-0.16101,1.2456,0.028011,-0.24058
86.5,51.509,-0.16101,1.237,0.016744,0.32613
87,51.509,-0.16101,1.2223,-0.0076224,-1.4194
87.5,51.509,-0.16101,1.2485,-0.058559,-1.2689
88,51.509,-0.16101,1.2663,-0.037584,-0.004654
88.5,51.509,-0.16101,1.2474,-0.034559,0.86765
89,51.509,-0.16101,1.2622,-0.01024,0.32565
89.5,51.509,-0.16101,1.2629,-0.025153,0.41185
90,51.509,-0.16101,1.2364,0.024087,1.3628
90.5,51.509,-0.16101,1.2442,-0.01382,1.2794
91,51.509,-0.16101,1.2598,0.00018534,0.22516
91.5,51.509,-0.16101,1.2317,-0.033028,-0.31129
92,51.509,-0.16101,1.2404,-0.002628,-1.3964
92.5,51.509,-0.16101,1.2478,-0.033053,-1.1584
93,51.509,-0.16101,1.2436,-0.014834,-1.5598
93.5,51.509,-0.16101,1.2477,0.0029934,-1.1468
94,51.509,-0.16101,1.2721,0.024514,0.6672
94.5,51.509,-0.16101,1.2445,0.011295,1.3163
95,51.509,-0.16101,1.2474,0.048937,1.7613
95.5,51.509,-0.16101,1.2636,-0.011577,0.23008
96,51.509,-0.16101,1.2276,-0.013886,-0.61073
96.5,51.509,-0.16101,1.2468,0.019767,-0.26761
97,51.509,-0.16101,1.2387,0.029209,1.1638
97.5,51.509,-0.16101,1.2862,0.010268,1.6055
98,51.509,-0.16101,1.2575,0.022622,1.9609
98.5,51.509,-0.16101,1.2302,0.025356,2.0667
99,51.509,-0.16101,1.2394,0.050594,2.1088
99.5,51.509,-0.16101,1.2303,0.053601,1.4652
100,51.509,-0.16101,1.261,-0.01373,-0.16889
100.5,51.509,-0.16101,1.2309,0.018361,-0.19549
101,51.509,-0.16101,1.2635,-0.025855,-0.55631
101.5,51.509,-0.16101,1.2112,0.0084319,0.098379
102,51.509,-0.16101,1.2443,0.0094524,0.46708
102.5,51.51,-0.16101,1.2758,-0.016005,-0.65013
103,51.51,-0.16101,1.2387,0.043427,-0.14306
103.5,51.51,-0.16101,1.2662,-0.021507,-1.4612
104,51.51,-0.16101,1.2745,-0.032968,-1.9826
104.5,51.51,-0.16101,1.2194,-0.029961,-2.38
105,51.51,-0.16101,1.2591,-0.029848,-1.7391
105.5,51.51,-0.16101,1.2662,-0.031756,-2.0044
106,51.51,-0.16101,1.2668,-0.0052522,-1.5339
106.5,51.51,-0.16101,1.2447,-0.0053604,-1.6117
107,51.51,-0.16101,1.2338,0.0022239,-0.26711
107.5,51.51,-0.16101,1.2666,0.010652,-0.9078
108,51.51,-0.16101,1.2575,0.0039131,-1.1305
108.5,51.51,-0.16101,1.2934,-0.015168,-2.8299
109,51.51,-0.16101,1.2649,-0.01683,-3.3764
109.5,51.51,-0.16101,1.2614,-0.0063259,-2.5381
110,51.51,-0.16101,1.2704,-0.040684,-2.2691
110.5,51.51,-0.16101,1.0436,-0.022018,-1.5013
111,51.51,-0.16101,0.76863,-0.012384,-1.8723
111.5,51.51,-0.16101,0.50062,-0.0011039,-2.5935
112,51.51,-0.16101,0.2438,-0.010407,-2.2665
112.5,51.51,-0.16101,0.20953,0.063994,12.807
113,51.51,-0.16101,0.20885,0.14942,28.742
113.5,51.51,-0.161,0.13041,0.20655,44.926
114,51.51,-0.161,0.12709,0.19198,62.209
114.5,51.51,-0.161,0.056264,0.26098,76.372
115,51.51,-0.161,-0.020731,0.25079,91.323
115.5,51.51,-0.161,-0.063135,0.22581,105.45
116,51.51,-0.161,-0.12207,0.2059,119.46
116.5,51.51,-0.16099,-0.16485,0.19332,133.89
117,51.51,-0.16099,-0.21649,0.12997,149.14
117.5,51.51,-0.16099,-0.24874,0.060902,163.65
118,51.51,-0.16099,-0.25346,0.017902,179.06
118.5,51.51,-0.16099,-0.48122,0.0080732,179.42
119,51.51,-0.16099,-0.76774,0.021952,179.12
119.5,51.51,-0.16099,-1.0096,0.052247,177.9
120,51.51,-0.16099,-1.232,0.021556,177.75
120.5,51.51,-0.16099,-1.254,0.0032649,178.74
121,51.51,-0.16099,-1.2661,-0.013068,179.01
121.5,51.51,-0.16099,-1.2601,0.035091,179.62
122,51.51,-0.16099,-1.2342,0.014577,179.9
122.5,51.51,-0.16099,-1.2531,0.010804,180.71
123,51.51,-0.16099,-1.2552,-0.035938,181.87
123.5,51.51,-0.16099,-1.2396,-0.016346,181.13
124,51.51,-0.16099,-1.2568,-0.019631,182.01
124.5,51.51,-0.16099,-1.2571,-0.034132,181.97
125,51.51,-0.16099,-1.2466,-0.051269,181.71
125.5,51.51,-0.16099,-1.2526,-0.014674,181.51
126,51.51,-0.16099,-1.2532,0.0055773,180.26
126.5,51.51,-0.16099,-1.2664,0.036233,177.63
127,51.51,-0.16099,-1.2317,0.0043499,177.29
127.5,51.509,-0.16099,-1.2116,0.019356,176.26
128,51.509,-0.16099,-1.235,-0.0075623,177.61
128.5,51.509,-0.16099,-1.2415,0.030625,178.01
129,51.509,-0.16099,-1.2573,0.0075899,178.72
129.5,51.509,-0.16099,-1.2235,-0.018675,180.22
130,51.509,-0.16099,-1.2666,-0.016181,180.65
130.5,51.509,-0.16099,-1.2712,-0.0099743,180.51
131,51.509,-0.16099,-1.2632,-0.017393,180.51
131.5,51.509,-0.16099,-1.2374,-0.019895,181.27
132,51.509,-0.16099,-1.2728,-0.0070525,181.37
132.5,51.509,-0.16099,-1.2417,0.023083,181.16
133,51.509,-0.16099,-1.2601,0.032321,180.61
133.5,51.509,-0.16099,-1.2397,0.051343,180.94
134,51.509,-0.16099,-1.2715,0.053957,180.68
134.5,51.509,-0.16099,-1.2289,0.044327,179.4
135,51.509,-0.16099,-1.2216,0.02599,179.63
135.5,51.509,-0.16099,-1.2369,-0.0084282,180.52
136,51.509,-0.16099,-1.2546,-0.004484,181.05
136.5,51.509,-0.16099,-1.2581,0.018454,179.53
137,51.509,-0.16099,-1.2618,0.024082,179.54
137.5,51.509,-0.16099,-1.2441,0.022685,179.15
138,51.509,-0.16099,-1.2275,0.00874,179.34
138.5,51.509,-0.16099,-1.2526,0.028471,179.06
139,51.509,-0.16099,-1.2398,0.030084,179.44
139.5,51.509,-0.16099,-1.2378,0.025488,179.19
140,51.509,-0.16099,-1.274,0.029079,179.49
140.5,51.509,-0.16099,-1.2683,0.024711,180.34
141,51.509,-0.16099,-1.2448,0.032106,179.2
141.5,51.509,-0.16099,-1.236,-0.017048,179.22
142,51.509,-0.16099,-1.2593,-0.0068315,178.4
142.5,51.509,-0.16099,-1.2614,0.020499,178.33
143,51.509,-0.16099,-1.2681,-0.010269,179.24
143.5,51.509,-0.16099,-1.2419,-0.017079,180.91
144,51.509,-0.16099,-1.2294,-0.0040043,181.19
144.5,51.509,-0.16099,-1.2665,0.011447,179.97
145,51.509,-0.16099,-1.2409,0.029335,178.72
145.5,51.509,-0.16099,-1.2559,0.00031589,179
146,51.509,-0.16099,-1.2659,0.031669,180.27
146.5,51.509,-0.16099,-1.25,-0.013095,180.21
147,51.509,-0.16099,-1.2271,0.019071,180.37
147.5,51.509,-0.16099,-1.2836,0.015146,180.97
148,51.509,-0.16099,-1.253,0.034858,181.14
148.5,51.509,-0.16099,-1.2799,0.013165,180.34
149,51.509,-0.16099,-1.2652,0.020039,180.36
149.5,51.509,-0.16099,-1.0367,0.010795,180.54
150,51.509,-0.16099,-0.76305,0.011607,180.34
150.5,51.509,-0.16099,-0.49359,-0.019654,180.17
151,51.509,-0.16099,-0.25461,-0.039073,179.75
151.5,51.509,-0.16099,-0.22186,0.040505,164.79
152,51.509,-0.16099,-0.2042,0.14438,150.49
152.5,51.509,-0.16099,-0.16694,0.15542,136.61
153,51.509,-0.16099,-0.12765,0.21485,122.99
153.5,51.509,-0.16098,-0.064371,0.22959,106.83
154,51.509,-0.16098,-0.010723,0.23434,91.176
154.5,51.509,-0.16098,0.050742,0.24997,75.011
155,51.509,-0.16098,0.12187,0.2194,60.386
155.5,51.509,-0.16098,0.16144,0.16932,44.501
156,51.509,-0.16098,0.2236,0.13126,30.907
156.5,51.509,-0.16098,0.21335,0.062504,16.251
157,51.509,-0.16098,0.24723,0.0055309,0.12712
157.5,51.509,-0.16098,0.49437,-0.017588,0.40713
158,51.509,-0.16098,0.74415,-0.027892,0.50513
158.5,51.509,-0.16098,1.0234,-0.027151,-0.56082
159,51.509,-0.16098,1.2406,-0.015363,-0.34884
159.5,51.509,-0.16098,1.2577,0.00035005,0.70831
160,51.509,-0.16098,1.2568,-0.021893,0.99787
160.5,51.509,-0.16098,1.2599,0.00032705,-0.19126
161,51.509,-0.16098,1.2559,0.01298,-0.69674
161.5,51.509,-0.16098,1.2388,0.017792,-0.76513
162,51.509,-0.16098,1.2339,0.019204,0.33672
162.5,51.509,-0.16098,1.2538,0.013179,0.27494
163,51.509,-0.16098,1.2626,-0.015261,0.13079
163.5,51.509,-0.16098,1.2436,0.017568,0.5804
164,51.509,-0.16098,1.2666,-0.013434,0.49868
164.5,51.509,-0.16098,1.2568,-0.0018168,1.9378
165,51.509,-0.16098,1.2577,-0.0018712,2.5497
165.5,51.509,-0.16098,1.2614,0.0072963,2.9694
166,51.509,-0.16098,1.2623,0.020765,2.7049
166.5,51.509,-0.16098,1.2688,0.0013617,1.9635
167,51.509,-0.16098,1.2424,0.023728,1.0505
167.5,51.509,-0.16098,1.2343,0.0029412,0.99513
168,51.509,-0.16098,1.2598,0.013224,1.7313
168.5,51.509,-0.16098,1.2477,-0.0098845,1.4816
169,51.509,-0.16098,1.2632,-0.029197,0.15555
169.5,51.509,-0.16098,1.2418,-0.010679,0.32161
170,51.509,-0.16098,1.2364,-0.0067749,-0.74453
170.5,51.509,-0.16098,1.2461,-0.01302,-0.9926
171,51.509,-0.16098,1.2319,-0.0013735,-0.84611
171.5,51.509,-0.16098,1.2116,-0.012045,-0.70777
172,51.509,-0.16098,1.2437,-0.006227,-0.090495
172.5,51.509,-0.16098,1.2319,0.00094631,0.5143
173,51.509,-0.16098,1.2343,0.032292,0.68733
173.5,51.509,-0.16098,1.2423,0.0043472,1.8472
174,51.509,-0.16098,1.2533,0.016798,1.4844
174.5,51.509,-0.16098,1.2643,0.018084,1.062
175,51.509,-0.16098,1.2303,-0.012312,0.24172
175.5,51.509,-0.16098,1.2605,-0.0091737,0.36077
176,51.509,-0.16098,1.2619,0.034864,0.43341
176.5,51.509,-0.16098,1.2575,-0.0084921,0.074752
177,51.509,-0.16098,1.2454,0.011081,0.33797
177.5,51.509,-0.16098,1.2328,0.037876,0.68779
178,51.509,-0.16098,1.2644,0.026277,-0.74999
178.5,51.509,-0.16098,1.249,0.019845,-1.907
179,51.509,-0.16098,1.2296,0.036704,-2.0567
179.5,51.509,-0.16098,1.2291,0.024538,-1.6006
180,51.509,-0.16097,1.2399,-0.0021227,-1.0582
180.5,51.51,-0.16097,1.2336,0.012684,-0.6153
181,51.51,-0.16097,1.2326,0.0051561,-0.057916
181.5,51.51,-0.16097,1.2363,-0.012777,-0.013519
182,51.51,-0.16097,1.2573,-0.0054692,0.1877
182.5,51.51,-0.16098,1.2383,-0.0086354,0.5848
183,51.51,-0.16097,1.2538,0.019262,0.20735
183.5,51.51,-0.16097,1.2536,0.0022481,-0.97622
184,51.51,-0.16097,1.2287,-0.0053414,-1.0677
184.5,51.51,-0.16097,1.2244,0.0078771,-0.75935
185,51.51,-0.16097,1.2609,-0.022736,-0.31889
185.5,51.51,-0.16098,1.2571,-0.046109,-0.56544
186,51.51,-0.16098,1.2511,-0.015506,-0.75291
186.5,51.51,-0.16098,1.2438,-0.0026138,-1.3012
187,51.51,-0.16098,1.2269,-0.01258,-2.0577
187.5,51.51,-0.16098,1.2651,-0.0080887,-1.3067
188,51.51,-0.16098,1.2729,0.0033844,-0.38192
188.5,51.51,-0.16098,1.0147,-0.0012863,0.63192
189,51.51,-0.16098,0.76521,0.0072992,1.488
189.5,51.51,-0.16098,0.49014,-0.010825,2.8455
190,51.51,-0.16098,0.23497,-0.026185,3.7769
190.5,51.51,-0.16098,0.25191,0.055178,17.378
191,51.51,-0.16097,0.20866,0.12959,31.963
191.5,51.51,-0.16097,0.17374,0.18263,45.26
192,51.51,-0.16097,0.12925,0.23026,61.409
192.5,51.51,-0.16097,0.088905,0.24256,76.193
193,51.51,-0.16097,0.020292,0.22849,91.688
193.5,51.51,-0.16097,-0.065008,0.23941,106.19
194,51.51,-0.16097,-0.13671,0.21349,120.09
194.5,51.51,-0.16096,-0.18278,0.18948,133.63
195,51.51,-0.16096,-0.19656,0.11757,147.78
195.5,51.51,-0.16096,-0.25787,0.10144,161.85
196,51.51,-0.16096,-0.24811,0.0019276,176.12
196.5,51.51,-0.16096,-0.50204,0.0090012,175.99
197,51.51,-0.16096,-0.75267,0.016717,177.58
197.5,51.51,-0.16096,-1.0047,0.0023604,179.51
198,51.51,-0.16096,-1.274,0.0062045,180.21
198.5,51.51,-0.16096,-1.2822,0.022565,180.2
199,51.51,-0.16096,-1.2354,-0.02322,181.96
199.5,51.51,-0.16096,-1.2576,-0.019579,180.96
200,51.51,-0.16096,-1.2312,0.0097835,180.95
200.5,51.51,-0.16096,-1.2707,-0.0018034,180.3
201,51.51,-0.16096,-1.2758,0.021371,179.49
201.5,51.51,-0.16096,-1.2572,0.026691,179.95
202,51.51,-0.16096,-1.2531,0.021968,179.84
202.5,51.51,-0.16096,-1.2672,0.028077,180.06
203,51.51,-0.16096,-1.2574,0.0032523,180.38
203.5,51.51,-0.16096,-1.2615,0.010058,180.5
204,51.51,-0.16096,-1.2582,0.024273,181
204.5,51.51,-0.16096,-1.2389,0.03314,180.47
205,51.51,-0.16096,-1.2443,0.019423,180.37
205.5,51.509,-0.16096,-1.2502,0.0081912,180.3
206,51.509,-0.16096,-1.2703,-0.0084034,180.63
206.5,51.509,-0.16096,-1.2267,-0.01685,180.81
207,51.509,-0.16096,-1.2394,-0.022903,181.63
207.5,51.509,-0.16096,-1.2387,-0.022289,181.17
208,51.509,-0.16096,-1.2395,-0.0077238,181.63
208.5,51.509,-0.16096,-1.2433,-0.037197,180.81
209,51.509,-0.16096,-1.2434,0.0013112,180.96
209.5,51.509,-0.16096,-1.2709,-0.006818,181.75
210,51.509,-0.16096,-1.2594,0.023891,181.67
210.5,51.509,-0.16096,-1.263,0.040003,180.92
211,51.509,-0.16096,-1.2396,-0.0025057,182.14
211.5,51.509,-0.16096,-1.2738,0.03714,180.91
212,51.509,-0.16096,-1.2496,-0.0034897,181
212.5,51.509,-0.16096,-1.2492,0.00101,180.36
213,51.509,-0.16096,-1.2497,-0.047553,179.98
213.5,51.509,-0.16096,-1.2296,-0.0074276,180.72
214,51.509,-0.16096,-1.2698,0.0035928,179.75
214.5,51.509,-0.16096,-1.2405,0.012648,179.85
215,51.509,-0.16096,-1.2282,0.0041832,180.55
215.5,51.509,-0.16096,-1.2357,-0.0083224,179.59
216,51.509,-0.16096,-1.247,-0.018724,179.99
216.5,51.509,-0.16096,-1.2615,-0.012035,180.48
217,51.509,-0.16096,-1.236,-0.024506,179.41
217.5,51.509,-0.16096,-1.2607,-0.0044398,178.07
218,51.509,-0.16096,-1.2362,0.014382,177.87
218.5,51.509,-0.16096,-1.2521,-0.021232,179.16
219,51.509,-0.16096,-1.2554,0.015093,178.87
219.5,51.509,-0.16096,-1.2679,0.008358,179.97
220,51.509,-0.16096,-1.2331,-0.017187,180.52
220.5,51.509,-0.16096,-1.2757,0.013393,180.8
221,51.509,-0.16096,-1.229,-0.010061,180.83
221.5,51.509,-0.16096,-1.2395,-0.0098185,181.39
222,51.509,-0.16096,-1.2591,0.022867,179.44
222.5,51.509,-0.16096,-1.2418,-0.0018844,179.76
223,51.509,-0.16096,-1.2437,-0.012086,179.72
223.5,51.509,-0.16096,-1.2406,-0.016799,179.5
224,51.509,-0.16096,-1.2603,-0.013525,179.76
224.5,51.509,-0.16096,-1.2457,-0.0055594,179.91
225,51.509,-0.16096,-1.2656,0.0059944,178.91
225.5,51.509,-0.16096,-1.2397,-0.0026625,180.3
226,51.509,-0.16096,-1.2672,-0.0065137,180.14
226.5,51.509,-0.16096,-1.2474,-0.0039171,181.05
227,51.509,-0.16096,-1.2648,-0.0099127,181.36
227.5,51.509,-0.16096,-1.0094,0.018829,181.56
228,51.509,-0.16096,-0.76667,0.0069694,181.49
228.5,51.509,-0.16096,-0.50959,0.0021992,181.66
229,51.509,-0.16096,-0.25668,-0.017888,181.54
229.5,51.509,-0.16096,-0.2173,0.088333,165.46
230,51.509,-0.16096,-0.22432,0.13748,150.24
230.5,51.509,-0.16096,-0.20447,0.18027,135.16
231,51.509,-0.16096,-0.10976,0.23225,120.32
231.5,51.509,-0.16096,-0.067072,0.247,106.12
232,51.509,-0.16095,0.0034455,0.24547,90.407
232.5,51.509,-0.16095,0.058532,0.26618,75.452
233,51.509,-0.16095,0.13047,0.21768,59.741
233.5,51.509,-0.16095,0.1634,0.18089,44.708
234,51.509,-0.16095,0.21189,0.12314,30.509
234.5,51.509,-0.16095,0.23198,0.070376,15.717
235,51.509,-0.16095,0.23441,-0.021367,-0.25201
235.5,51.509,-0.16095,0.48721,-0.011964,0.43555
236,51.509,-0.16095,0.76488,0.0039033,1.5677
236.5,51.509,-0.16095,1.0127,-0.012231,1.7257
237,51.509,-0.16095,1.2652,0.012853,1.3395
237.5,51.509,-0.16095,1.2565,0.0084319,-0.12171
238,51.509,-0.16095,1.2442,0.025007,-0.27868
238.5,51.509,-0.16095,1.247,0.012247,-0.66459
239,51.509,-0.16095,1.2353,-0.039342,-0.2876
239.5,51.509,-0.16095,1.2461,-0.024596,-1.0859
240,51.509,-0.16095,1.2388,-0.025774,-2.0026
240.5,51.509,-0.16095,1.2505,-0.0067845,-2.3679
241,51.509,-0.16095,1.2381,0.0014699,-1.2412
241.5,51.509,-0.16095,1.2553,0.0024618,0.11007
242,51.509,-0.16095,1.2214,0.003009,0.65436
242.5,51.509,-0.16095,1.2464,0.03299,0.26463
243,51.509,-0.16095,1.2532,0.012097,0.064593
243.5,51.509,-0.16095,1.2597,-0.025646,0.065142
244,51.509,-0.16095,1.2399,0.0062205,0.053411
244.5,51.509,-0.16095,1.2455,0.0033078,-0.24269
245,51.509,-0.16095,1.2399,-0.0075838,-0.28498
245.5,51.509,-0.16095,1.2583,-0.032631,0.55434
246,51.509,-0.16095,1.2163,0.019582,-0.32046
246.5,51.509,-0.16095,1.2331,-0.0055219,-0.59548
247,51.509,-0.16095,1.2475,0.0020695,-0.46785
247.5,51.509,-0.16095,1.2307,0.0062387,-1.2627
248,51.509,-0.16095,1.2402,-0.0095724,-0.9106
248.5,51.509,-0.16095,1.2169,-0.0077429,-1.5946
249,51.509,-0.16095,1.2497,-0.0148,-2.2396
249.5,51.509,-0.16095,1.2371,-0.026452,-1.982
250,51.509,-0.16095,1.2437,-0.027129,-1.8715
250.5,51.509,-0.16095,1.2271,-0.030083,-1.853
251,51.509,-0.16095,1.2446,-0.035922,-1.4461
251.5,51.509,-0.16095,1.2505,-0.028623,-1.0381
252,51.509,-0.16095,1.2526,-0.022024,-1.6797
252.5,51.509,-0.16095,1.2493,-0.0081018,-1.8417
253,51.509,-0.16095,1.2297,-0.012608,-1.2006
253.5,51.509,-0.16095,1.2367,0.0095864,-0.69094
254,51.509,-0.16095,1.2754,-0.025208,-1.0006
254.5,51.509,-0.16095,1.252,-0.023245,0.12393
255,51.509,-0.16095,1.246,-0.0024851,1.7216
255.5,51.509,-0.16095,1.2493,-0.012069,2.3624
256,51.509,-0.16095,1.2642,-0.0019587,1.8831
256.5,51.509,-0.16095,1.2422,0.022884,0.71224
257,51.509,-0.16095,1.2577,-0.0019652,-0.1785
257.5,51.509,-0.16095,1.2449,0.0161,0.81707
258,51.509,-0.16095,1.2359,-0.021137,1.181
258.5,51.51,-0.16095,1.2672,-0.0095654,0.0050592
259,51.51,-0.16095,1.2326,0.019778,0.75705
259.5,51.51,-0.16095,1.2447,0.013217,2.3384
260,51.51,-0.16095,1.2644,0.02147,1.3933
260.5,51.51,-0.16095,1.2414,0.03529,2.2628
261,51.51,-0.16095,1.2511,0.058794,2.1515
261.5,51.51,-0.16095,1.2738,0.048598,3.3143
262,51.51,-0.16095,1.2629,0.074358,3.3007
262.5,51.51,-0.16095,1.2778,0.054604,1.6039
263,51.51,-0.16095,1.2657,0.062268,1.7002
263.5,51.51,-0.16095,1.2515,0.035433,0.032287
264,51.51,-0.16095,1.2287,0.022727,0.24252
264.5,51.51,-0.16095,1.2488,0.02307,-0.082034
265,51.51,-0.16095,1.2325,0.0026322,-0.30514
265.5,51.51,-0.16095,1.2351,0.00099468,0.87569
266,51.51,-0.16095,1.2417,0.029037,0.56804
266.5,51.51,-0.16095,1.0301,0.00527,1.2243
267,51.51,-0.16095,0.76819,-0.015938,0.0096928
267.5,51.51,-0.16095,0.51209,0.028268,1.4004
268,51.51,-0.16095,0.24881,-0.0035932,2.694
268.5,51.51,-0.16095,0.24353,0.024674,16.666
269,51.51,-0.16094,0.19169,0.12643,30.662
269.5,51.51,-0.16094,0.20181,0.18353,45.221
270,51.51,-0.16094,0.11857,0.24354,60.329
270.5,51.51,-0.16094,0.070995,0.23247,74.286
271,51.51,-0.16094,-0.0039255,0.26402,88.468
271.5,51.51,-0.16094,-0.055854,0.24736,104.15
272,51.51,-0.16093,-0.14909,0.26431,119.02
272.5,51.51,-0.16093,-0.17581,0.1965,133.64
273,51.51,-0.16093,-0.24172,0.14089,149.58
273.5,51.51,-0.16093,-0.21111,0.035246,164.74
274,51.51,-0.16093,-0.24375,0.0069508,180.1
274.5,51.51,-0.16093,-0.50439,0.0019834,180.55
275,51.51,-0.16093,-0.73323,0.0095188,180.1
275.5,51.51,-0.16093,-1.0108,-0.0098743,180.04
276,51.51,-0.16093,-1.2473,-0.0024748,181.03
276.5,51.51,-0.16093,-1.3027,-0.0068431,180.38
277,51.51,-0.16093,-1.2733,0.028871,179.31
277.5,51.51,-0.16093,-1.2736,0.019263,179.36
278,51.51,-0.16093,-1.2471,0.018409,179.83
278.5,51.51,-0.16093,-1.2452,0.011947,180.04
279,51.51,-0.16093,-1.2593,-0.00181,178.84
279.5,51.51,-0.16093,-1.2716,0.010002,178.01
280,51.51,-0.16093,-1.2701,-0.0019783,178.74
280.5,51.51,-0.16093,-1.2535,0.00076018,179.89
281,51.51,-0.16093,-1.2407,0.010556,179.89
281.5,51.51,-0.16093,-1.2428,0.009696,180.87
282,51.51,-0.16093,-1.2296,-0.016572,182.32
282.5,51.51,-0.16093,-1.2471,0.0035455,182.29
283,51.51,-0.16093,-1.2451,-0.0073645,181.79
283.5,51.509,-0.16093,-1.2497,0.0067185,180.89
284,51.509,-0.16093,-1.2448,0.015598,179.56
284.5,51.509,-0.16093,-1.2538,0.026706,177.9
285,51.509,-0.16093,-1.2434,0.053021,177.34
285.5,51.509,-0.16093,-1.2404,0.059883,176.54
286,51.509,-0.16093,-1.2411,0.066993,176.57
286.5,51.509,-0.16093,-1.2393,0.032018,177.59
287,51.509,-0.16093,-1.2625,0.055424,177.1
287.5,51.509,-0.16093,-1.2543,0.035555,177.48
288,51.509,-0.16093,-1.2761,0.04329,178.41
288.5,51.509,-0.16093,-1.2625,0.018113,177.15
289,51.509,-0.16093,-1.247,0.035584,176.79
289.5,51.509,-0.16093,-1.2613,0.019485,176
290,51.509,-0.16093,-1.2598,-0.0084784,178.05
290.5,51.509,-0.16093,-1.2724,0.0042272,178.58
291,51.509,-0.16093,-1.2834,0.012492,179.03
291.5,51.509,-0.16093,-1.252,4.1765e-06,180.05
292,51.509,-0.16093,-1.2695,-0.014475,179.83
292.5,51.509,-0.16093,-1.2794,-0.0094675,179.78
293,51.509,-0.16093,-1.2576,-0.0066401,179.54
293.5,51.509,-0.16093,-1.2422,-0.027404,179.83
294,51.509,-0.16093,-1.24,-0.042408,180.3
294.5,51.509,-0.16093,-1.2492,-0.023531,180.88
295,51.509,-0.16093,-1.2399,-0.035102,181.58
295.5,51.509,-0.16093,-1.2381,-0.046745,183.01
296,51.509,-0.16093,-1.2429,-0.04305,182.31
296.5,51.509,-0.16093,-1.223,-0.011132,183.06
297,51.509,-0.16093,-1.258,0.033335,181.43
297.5,51.509,-0.16093,-1.2152,-0.0075782,181.88
298,51.509,-0.16093,-1.2639,-0.014279,181.83
298.5,51.509,-0.16093,-1.264,-0.025084,181.72
299,51.509,-0.16093,-1.2363,-0.01621,180.52
299.5,51.509,-0.16093,-1.2378,-0.052077,180.18
300,51.509,-0.16093,-1.2386,-0.054369,180.39
300.5,51.509,-0.16093,-1.2724,-0.01047,181.04
301,51.509,-0.16093,-1.2583,-0.0039817,181.43
301.5,51.509,-0.16093,-1.2241,-0.028522,182.01
302,51.509,-0.16093,-1.2455,-0.017785,181.12
302.5,51.509,-0.16093,-1.2326,0.0042646,181.25
303,51.509,-0.16093,-1.2268,0.010302,181.29
303.5,51.509,-0.16093,-1.2469,-0.014801,180.95
304,51.509,-0.16093,-1.2247,-0.011104,181.06
304.5,51.509,-0.16093,-1.2688,0.0013066,180.16
305,51.509,-0.16093,-1.2507,0.016191,180.31
305.5,51.509,-0.16093,-0.98792,0.0041108,180.64
306,51.509,-0.16093,-0.74952,0.019862,180.66
306.5,51.509,-0.16093,-0.49955,-0.029296,180.72
307,51.509,-0.16093,-0.24583,-0.012505,180.82
307.5,51.509,-0.16093,-0.23898,0.069494,165.39
308,51.509,-0.16093,-0.21099,0.11476,150.06
308.5,51.509,-0.16093,-0.16111,0.18086,135.37
309,51.509,-0.16093,-0.11802,0.22959,120.61
309.5,51.509,-0.16092,-0.07549,0.24904,104.98
310,51.509,-0.16092,0.0047652,0.21891,89.096
310.5,51.509,-0.16092,0.077201,0.24508,74.763
311,51.509,-0.16092,0.11028,0.23733,61.241
311.5,51.509,-0.16092,0.15558,0.18337,46.102
312,51.509,-0.16092,0.22719,0.13159,30.81
312.5,51.509,-0.16092,0.21889,0.09102,15.148
313,51.509,-0.16092,0.22264,0.01759,0.4279
313.5,51.509,-0.16092,0.47495,0.0017027,-1.046
314,51.509,-0.16092,0.746,0.014758,-2.1709
314.5,51.509,-0.16092,0.98173,0.0056163,-0.32348
315,51.509,-0.16092,1.241,0.0032028,-0.30084
315.5,51.509,-0.16092,1.2384,0.001316,0.5292
316,51.509,-0.16091,1.2394,0.03463,1.4175
316.5,51.509,-0.16091,1.2585,-0.003795,0.46642
317,51.509,-0.16091,1.2618,0.0076761,0.67033
317.5,51.509,-0.16091,1.2599,0.02981,1.6109
318,51.509,-0.16091,1.2615,0.020113,3.4495
318.5,51.509,-0.16091,1.2527,0.0060352,2.487
319,51.509,-0.16091,1.2517,-0.00512,1.6739
319.5,51.509,-0.16091,1.2465,-0.0047093,1.4805
320,51.509,-0.16091,1.2582,0.0013982,0.80007
320.5,51.509,-0.16091,1.2541,-0.0012459,0.58694
321,51.509,-0.16091,1.2606,-0.017479,-0.76023
321.5,51.509,-0.16091,1.2313,-0.0051818,0.15204
322,51.509,-0.16091,1.2291,0.0030173,0.76838
322.5,51.509,-0.16091,1.2376,-0.021367,-0.087343
323,51.509,-0.16092,1.2528,-0.032411,-0.54376
323.5,51.509,-0.16092,1.2539,-0.024028,-0.47068
324,51.509,-0.16092,1.2341,-0.00070726,-1.1927
324.5,51.509,-0.16092,1.2463,-0.022029,-1.6036
325,51.509,-0.16092,1.2809,-0.046685,-1.518
325.5,51.509,-0.16092,1.2578,-0.029046,-0.20937
326,51.509,-0.16092,1.2531,0.02678,0.86641
326.5,51.509,-0.16092,1.2646,-0.017253,0.78147
327,51.509,-0.16092,1.2688,-0.01503,0.16657
327.5,51.509,-0.16092,1.2597,-0.014036,0.32753
328,51.509,-0.16092,1.2362,-0.0096074,0.24555
328.5,51.509,-0.16092,1.239,-0.0090321,0.23324
329,51.509,-0.16092,1.228,-0.017787,0.51418
329.5,51.509,-0.16092,1.2549,-0.02017,1.0289
330,51.509,-0.16092,1.258,0.011348,1.0606
330.5,51.509,-0.16092,1.2454,0.023074,1.0012
331,51.509,-0.16092,1.2323,0.02701,0.69472
331.5,51.509,-0.16092,1.2626,0.030533,0.68782
332,51.509,-0.16092,1.2384,0.0013889,0.14171
332.5,51.509,-0.16092,1.2396,0.011968,0.069353
333,51.509,-0.16092,1.278,-0.025206,-0.31409
333.5,51.509,-0.16092,1.2389,0.0045134,-0.019564
334,51.509,-0.16092,1.2432,0.00088197,-0.72003
334.5,51.509,-0.16092,1.2516,-0.019072,-0.98016
335,51.509,-0.16092,1.2386,0.0018918,-1.0831
335.5,51.509,-0.16092,1.248,0.0096884,-0.60152
336,51.509,-0.16092,1.2405,0.0025007,-0.69643
336.5,51.51,-0.16092,1.2401,0.024512,-0.64691
337,51.51,-0.16092,1.2586,-0.00067204,-0.69425
337.5,51.51,-0.16092,1.2648,-0.018995,-0.92102
338,51.51,-0.16092,1.2348,0.015046,-1.3967
338.5,51.51,-0.16092,1.256,-0.012989,-1.6666
339,51.51,-0.16092,1.2299,0.015449,0.21822
339.5,51.51,-0.16092,1.2425,-0.00629,0.46798
340,51.51,-0.16092,1.2448,-0.017896,-0.80267
340.5,51.51,-0.16092,1.2544,0.0027833,-0.51603
341,51.51,-0.16092,1.2418,0.025298,-0.19719
341.5,51.51,-0.16092,1.2657,0.0013567,-1.4676
342,51.51,-0.16092,1.273,-0.014127,-1.9519
342.5,51.51,-0.16092,1.2556,-0.0084026,-1.049
343,51.51,-0.16092,1.2428,-0.0017131,-1.5602
343.5,51.51,-0.16092,1.2317,0.011016,-0.90028
344,51.51,-0.16092,1.2287,-0.049456,-2.1584
344.5,51.51,-0.16092,0.98155,-0.015611,-1.7074
345,51.51,-0.16092,0.7384,0.014477,-2.2317
345.5,51.51,-0.16092,0.48917,0.01145,-1.7234
346,51.51,-0.16092,0.23831,0.0099096,-2.1061
346.5,51.51,-0.16092,0.19928,0.072274,14.077
347,51.51,-0.16092,0.17371,0.12838,29.893
347.5,51.51,-0.16091,0.16628,0.14481,43.407
348,51.51,-0.16091,0.10463,0.21046,57.478
348.5,51.51,-0.16091,0.065003,0.19854,73.737
349,51.51,-0.16091,-0.014299,0.25388,89.963
349.5,51.51,-0.16091,-0.04879,0.22379,105.03
350,51.51,-0.16091,-0.10788,0.19225,119.43
350.5,51.51,-0.16091,-0.16634,0.16296,133.89
351,51.51,-0.1609,-0.21075,0.11201,150.17
351.5,51.51,-0.1609,-0.24746,0.057171,164.97
352,51.51,-0.1609,-0.23696,-0.012965,180.42
352.5,51.51,-0.1609,-0.50548,-0.012939,181.49
353,51.51,-0.1609,-0.75963,-0.030563,181.46
353.5,51.51,-0.1609,-1.0383,-0.021815,181.47
354,51.51,-0.1609,-1.2383,-0.042565,182.55
354.5,51.51,-0.1609,-1.2717,0.012452,181.49
355,51.51,-0.1609,-1.2363,-0.0079863,181
355.5,51.51,-0.1609,-1.2639,0.0002206,181.59
356,51.51,-0.1609,-1.244,-0.0049785,181.66
356.5,51.51,-0.1609,-1.2283,-0.015188,180.6
357,51.51,-0.1609,-1.2824,-0.0039109,179.88
357.5,51.51,-0.1609,-1.2625,0.021288,180.55
358,51.51,-0.1609,-1.2757,0.035826,179.99
358.5,51.51,-0.1609,-1.2628,0.038504,179.99
359,51.51,-0.1609,-1.2648,0.015218,180.7
359.5,51.51,-0.1609,-1.2748,0.017354,181.63
360,51.51,-0.1609,-1.2639,-0.0011186,181.51
360.5,51.51,-0.1609,-1.2624,-0.0027249,182.61
361,51.51,-0.1609,-1.2509,-0.016002,181.92
361.5,51.509,-0.1609,-1.2582,-0.010376,181.7
362,51.509,-0.1609,-1.2589,-0.0011709,181.68
362.5,51.509,-0.1609,-1.2485,-0.0018119,181.26
363,51.509,-0.1609,-1.267,0.012156,180.43
363.5,51.509,-0.1609,-1.2301,0.0036349,181.15
364,51.509,-0.1609,-1.2518,-0.0050245,180.73
364.5,51.509,-0.1609,-1.2358,0.0090134,180.49
365,51.509,-0.1609,-1.2703,0.017256,180.3
365.5,51.509,-0.1609,-1.2572,0.0021795,180.67
366,51.509,-0.1609,-1.2882,0.0012597,180.62
366.5,51.509,-0.1609,-1.2547,0.016985,178.79
367,51.509,-0.1609,-1.2378,0.0097811,178.3
367.5,51.509,-0.1609,-1.2523,0.044598,178.64
368,51.509,-0.1609,-1.2568,0.013375,178.17
368.5,51.509,-0.1609,-1.24,0.00506,177.6
369,51.509,-0.1609,-1.2525,-0.025272,178.51
369.5,51.509,-0.1609,-1.2556,0.0206,179.75
370,51.509,-0.1609,-1.2409,0.0066731,180.66
370.5,51.509,-0.1609,-1.2247,0.0028712,181.87
371,51.509,-0.1609,-1.2343,0.0016817,182.34
371.5,51.509,-0.1609,-1.2321,-0.019967,182.65
372,51.509,-0.1609,-1.2464,0.0038419,182.41
372.5,51.509,-0.1609,-1.2284,-0.014857,181.29
373,51.509,-0.1609,-1.2459,0.014334,180.64
373.5,51.509,-0.1609,-1.2465,0.034701,179.7
374,51.509,-0.1609,-1.235,0.026964,179.67
374.5,51.509,-0.1609,-1.2558,0.028955,179.24
375,51.509,-0.1609,-1.2626,0.029764,178.91
375.5,51.509,-0.1609,-1.2428,0.016064,178.31
376,51.509,-0.1609,-1.2758,0.026931,178.56
376.5,51.509,-0.1609,-1.2722,0.027585,180.67
377,51.509,-0.1609,-1.2274,-0.010758,180.51
377.5,51.509,-0.1609,-1.256,0.010806,180.52
378,51.509,-0.1609,-1.2312,0.0084996,181.03
378.5,51.509,-0.1609,-1.2771,0.023602,180.76
379,51.509,-0.1609,-1.2418,0.011998,180.77
379.5,51.509,-0.1609,-1.2611,-0.035267,181.1
380,51.509,-0.1609,-1.2544,-0.028974,181.36
380.5,51.509,-0.1609,-1.2637,-0.032377,182.81
381,51.509,-0.1609,-1.2501,-0.039069,182.84
381.5,51.509,-0.1609,-1.2356,-0.0012085,180.73
382,51.509,-0.1609,-1.2504,-0.032692,180.3
382.5,51.509,-0.1609,-1.2672,-0.0047431,180.12
383,51.509,-0.1609,-1.2407,-0.039318,179.48
383.5,51.509,-0.1609,-1.0139,0.0076715,178.27
384,51.509,-0.1609,-0.75828,0.010301,178.23
384.5,51.509,-0.1609,-0.4996,-0.0054097,178.32
385,51.509,-0.1609,-0.26151,-0.013976,178.35
385.5,51.509,-0.1609,-0.23979,0.059003,161.3
386,51.509,-0.1609,-0.22819,0.13807,145.36
386.5,51.509,-0.1609,-0.17436,0.15458,132.59
387,51.509,-0.1609,-0.10932,0.22092,118.5
387.5,51.509,-0.1609,-0.059245,0.25145,104.36
388,51.509,-0.1609,-0.0052101,0.27897,89.181
388.5,51.509,-0.16089,0.057971,0.2466,74.74
389,51.509,-0.16089,0.10644,0.23269,60.151
389.5,51.509,-0.16089,0.18254,0.1523,45.657
390,51.509,-0.16089,0.19454,0.13042,30.821
390.5,51.509,-0.16089,0.25084,0.078496,16.472
391,51.509,-0.16089,0.26196,-0.020717,-0.40051
391.5,51.509,-0.16089,0.47668,0.0075346,-1.0201
392,51.509,-0.16089,0.7645,0.022141,-1.8087
392.5,51.509,-0.16089,0.99991,-0.00053005,-1.8171
393,51.509,-0.16089,1.2533,-0.021684,-1.0841
393.5,51.509,-0.16089,1.2691,-0.0063132,-1.4093
394,51.509,-0.16089,1.264,-0.033452,-1.3857
394.5,51.509,-0.16089,1.2473,-0.058929,-1.1258
395,51.509,-0.16089,1.2365,-0.012452,-1.1141
395.5,51.509,-0.16089,1.2433,0.010435,-2.1365
396,51.509,-0.16089,1.2418,-0.029123,-3.5903
396.5,51.509,-0.16089,1.2319,-0.011703,-3.1613
397,51.509,-0.16089,1.2532,-0.036524,-3.0795
397.5,51.509,-0.16089,1.2296,-0.026654,-1.6866
398,51.509,-0.16089,1.2461,-0.017579,-1.3429
398.5,51.509,-0.16089,1.2597,-0.010804,-1.0113
399,51.509,-0.16089,1.2799,-0.036299,-1.7891
399.5,51.509,-0.16089,1.2472,-0.0029841,-0.90941
400,51.509,-0.16089,1.2322,0.031082,-0.52155
400.5,51.509,-0.16089,1.26,-0.0089325,-0.53762
401,51.509,-0.16089,1.2245,0.02303,0.50304
401.5,51.509,-0.16089,1.2563,-0.00046108,-0.85627
402,51.509,-0.16089,1.2485,-0.022385,-0.083528
402.5,51.509,-0.16089,1.2512,-0.037993,-0.53131
403,51.509,-0.16089,1.2471,-0.049746,-1.1123
403.5,51.509,-0.16089,1.2613,-0.054588,-0.074617
404,51.509,-0.16089,1.2438,-0.051772,-1.2155
404.5,51.509,-0.16089,1.2576,-0.035079,-1.199
405,51.509,-0.16089,1.2034,0.002223,-0.30898
405.5,51.509,-0.16089,1.2439,-0.019435,0.16651
406,51.509,-0.16089,1.2358,0.01085,1.5586
406.5,51.509,-0.16089,1.2463,0.0017158,0.97668
407,51.509,-0.16089,1.2322,-0.0062654,-0.46119
407.5,51.509,-0.16089,1.2409,-0.0076464,0.0018036
408,51.509,-0.16089,1.2785,0.0022334,-0.43737
408.5,51.509,-0.16089,1.2316,0.022406,-0.071159
409,51.509,-0.16089,1.235,0.0096667,-0.30408
409.5,51.509,-0.16089,1.2575,0.021323,-1.3986
410,51.509,-0.16089,1.257,0.0049418,-1.2698
410.5,51.509,-0.16089,1.2359,0.025883,-0.34779
411,51.509,-0.16089,1.2474,0.025071,1.7434
411.5,51.509,-0.16089,1.2314,0.02782,0.2905
412,51.509,-0.16089,1.2385,0.0069812,-0.96105
412.5,51.509,-0.16089,1.2483,0.025414,-0.94361
413,51.509,-0.16089,1.2251,0.033486,0.098785
413.5,51.509,-0.16089,1.2521,0.0039415,-0.069716
414,51.509,-0.16089,1.2406,0.0080659,-0.17157
414.5,51.509,-0.16089,1.229,-0.0146,-0.57316
415,51.51,-0.16089,1.2366,-0.014059,0.54454
415.5,51.51,-0.16089,1.236,-0.012815,0.77147
416,51.51,-0.16089,1.2688,-0.032767,0.49919
416.5,51.51,-0.16089,1.2147,0.017023,-0.17127
417,51.51,-0.16089,1.2324,-0.026024,-0.11204
417.5,51.51,-0.16089,1.238,-0.048923,-1.1204
418,51.51,-0.16089,1.2519,-0.023282,-2.5421
418.5,51.51,-0.16089,1.2352,-0.017471,-1.0515
419,51.51,-0.16089,1.2427,0.0031272,-2.0262
419.5,51.51,-0.16089,1.2358,0.006939,-1.7905
420,51.51,-0.16089,1.2371,-0.014393,-0.51163
420.5,51.51,-0.16089,1.2309,0.01403,-0.18283
421,51.51,-0.16089,1.2546,0.019763,-0.23582
421.5,51.51,-0.16089,1.2314,0.019968,-1.8376
422,51.51,-0.16089,1.2547,-0.0062062,-1.9251
422.5,51.51,-0.16089,0.98603,0.0081945,-1.5274
423,51.51,-0.16089,0.72858,-0.008206,-1.5773
423.5,51.51,-0.16089,0.49073,-0.0053637,-0.67113
424,51.51,-0.16089,0.28167,0.010635,-1.9926
424.5,51.51,-0.16089,0.12626,-0.002704,-2.3116
425,51.51,-0.16089,-0.0043357,-0.0074011,-0.80819
